FID,STATEFP,COUNTYFP,TRACTCE,GEOID,GEOIDFQ,NAME,NAMELSAD,MTFCC,FUNCSTAT,ALAND,AWATER,INTPTLAT,INTPTLON,Shape__Area,Shape__Length
1,42,003,565300,42003565300,1400000US42003565300,5653,Census Tract 5653,G5020,S,6565373,20848,+40.3994999,-079.9555215,70887554.9299316,68550.5582599192
2,42,003,458002,42003458002,1400000US42003458002,4580.02,Census Tract 4580.02,G5020,S,17643972,0,+40.4126958,-080.1336593,189902096.882385,73664.1049375684
3,42,003,458001,42003458001,1400000US42003458001,4580.01,Census Tract 4580.01,G5020,S,17615721,114258,+40.3867482,-080.1290569,190827928.455811,77954.1301700061
4,42,003,101900,42003101900,1400000US42003101900,1019,Census Tract 1019,G5020,S,857102,0,+40.4687735,-079.9401262,9224953.11437988,11545.6815433787
5,42,003,120900,42003120900,1400000US42003120900,1209,Census Tract 1209,G5020,S,1153119,0,+40.4622571,-079.9121163,12411015.1056519,15722.2911565974
6,42,003,411002,42003411002,1400000US42003411002,4110.02,Census Tract 4110.02,G5020,S,11741809,0,+40.6453535,-080.0832120,126378514.391296,77089.9577060551
7,42,003,130700,42003130700,1400000US42003130700,1307,Census Tract 1307,G5020,S,1277523,0,+40.4573260,-079.8856510,13750013.0072021,24881.521685185
8,42,003,141200,42003141200,1400000US42003141200,1412,Census Tract 1412,G5020,S,1396263,0,+40.4452265,-079.8969935,15027946.4763794,30613.9844878646
9,42,003,130800,42003130800,1400000US42003130800,1308,Census Tract 1308,G5020,S,1002798,0,+40.4533023,-079.8927341,10793071.0599365,16346.138182498
10,42,003,564800,42003564800,1400000US42003564800,5648,Census Tract 5648,G5020,S,811955,0,+40.4464112,-079.8790624,8739082.1739502,14137.1626182722
11,42,003,010302,42003010302,1400000US42003010302,103.02,Census Tract 103.02,G5020,S,580660,0,+40.4369729,-079.9852405,6249618.94476318,13658.7493178252
12,42,003,010301,42003010301,1400000US42003010301,103.01,Census Tract 103.01,G5020,S,276653,217524,+40.4340503,-079.9864299,5318873.07113647,14969.9619634296
13,42,003,564700,42003564700,1400000US42003564700,5647,Census Tract 5647,G5020,S,942558,0,+40.4380439,-079.8789072,10144744.4220581,17981.2772612925
14,42,003,412004,42003412004,1400000US42003412004,4120.04,Census Tract 4120.04,G5020,S,18597920,10752,+40.5932257,-080.1184237,200286348.654175,71390.0072869509
15,42,003,513000,42003513000,1400000US42003513000,5130,Census Tract 5130,G5020,S,2584742,158463,+40.4017394,-079.8537042,29525086.4037476,31534.118267949
16,42,003,411001,42003411001,1400000US42003411001,4110.01,Census Tract 4110.01,G5020,S,28251912,0,+40.6453112,-080.1211881,304078786.154053,71528.7992703066
17,42,003,409002,42003409002,1400000US42003409002,4090.02,Census Tract 4090.02,G5020,S,19790372,0,+40.6598214,-080.0278823,213006447.396545,65838.1383655976
18,42,003,412003,42003412003,1400000US42003412003,4120.03,Census Tract 4120.03,G5020,S,8272797,0,+40.5997823,-080.0813656,89040691.2976074,41505.8077593298
19,42,003,563201,42003563201,1400000US42003563201,5632.01,Census Tract 5632.01,G5020,S,315777,138471,+40.4495633,-079.9982749,4889070.22949219,10313.8600540622
20,42,003,409001,42003409001,1400000US42003409001,4090.01,Census Tract 4090.01,G5020,S,24155865,20971,+40.6337250,-080.0383162,260217718.884521,69376.6812470754
21,42,003,241300,42003241300,1400000US42003241300,2413,Census Tract 2413,G5020,S,1906191,327615,+40.4651965,-079.9840959,24042443.9028931,34934.5905167018
22,42,003,563202,42003563202,1400000US42003563202,5632.02,Census Tract 5632.02,G5020,S,609332,0,+40.4554381,-079.9977903,6558261.39849854,14648.9037939622
23,42,003,565200,42003565200,1400000US42003565200,5652,Census Tract 5652,G5020,S,1284592,0,+40.4574471,-080.0236644,13826025.7553101,15936.6197719887
24,42,003,565100,42003565100,1400000US42003565100,5651,Census Tract 5651,G5020,S,672618,0,+40.4569397,-080.0110035,7239410.00317383,14437.3452499748
25,42,003,261300,42003261300,1400000US42003261300,2613,Census Tract 2613,G5020,S,1957399,0,+40.4860050,-080.0059004,21067473.5823364,31481.1372720998
26,42,003,271600,42003271600,1400000US42003271600,2716,Census Tract 2716,G5020,S,1789995,0,+40.4713400,-080.0282829,19265685.2973633,28603.9945261131
27,42,003,562901,42003562901,1400000US42003562901,5629.01,Census Tract 5629.01,G5020,S,2251624,585395,+40.4080909,-079.9478036,30534866.0245667,38311.4501127059
28,42,003,161000,42003161000,1400000US42003161000,1610,Census Tract 1610,G5020,S,2646060,0,+40.4126030,-079.9694546,28479618.8286743,24402.5121222679
29,42,003,402000,42003402000,1400000US42003402000,4020,Census Tract 4020,G5020,S,1329046,121186,+40.6079823,-079.7400161,15609039.2729492,17002.9453604814
30,42,003,423000,42003423000,1400000US42003423000,4230,Census Tract 4230,G5020,S,908635,92532,+40.4927887,-079.9030596,10775592.3101196,16715.1222369088
31,42,003,270800,42003270800,1400000US42003270800,2708,Census Tract 2708,G5020,S,1270793,0,+40.4856961,-080.0319964,13677537.6574707,17851.7091272467
32,42,003,426700,42003426700,1400000US42003426700,4267,Census Tract 4267,G5020,S,3749824,0,+40.5163558,-079.9433447,40359391.0864258,35758.9303635574
33,42,003,426800,42003426800,1400000US42003426800,4268,Census Tract 4268,G5020,S,5175928,0,+40.5420387,-079.9500490,55708636.5050659,30646.5095101622
34,42,003,406000,42003406000,1400000US42003406000,4060,Census Tract 4060,G5020,S,33295026,0,+40.6498423,-079.7673477,358358593.11731,85380.1097683237
35,42,003,428100,42003428100,1400000US42003428100,4281,Census Tract 4281,G5020,S,924353,0,+40.4739290,-079.9808153,9948795.3994751,15644.1535469882
36,42,003,405000,42003405000,1400000US42003405000,4050,Census Tract 4050,G5020,S,24194863,0,+40.6064830,-079.7964320,260411169.493042,94094.3797235896
37,42,003,429400,42003429400,1400000US42003429400,4294,Census Tract 4294,G5020,S,3558361,0,+40.5327787,-080.0275674,38298687.71875,33498.0385510332
38,42,003,429700,42003429700,1400000US42003429700,4297,Census Tract 4297,G5020,S,3132321,0,+40.4992505,-080.0339452,33713176.8312378,32395.2989676024
39,42,003,430100,42003430100,1400000US42003430100,4301,Census Tract 4301,G5020,S,854401,0,+40.5145886,-080.0247469,9195929.82092285,13050.2550842714
40,42,003,300100,42003300100,1400000US42003300100,3001,Census Tract 3001,G5020,S,776096,0,+40.4135552,-079.9930098,8353055.94290161,12021.8647533805
41,42,003,320600,42003320600,1400000US42003320600,3206,Census Tract 3206,G5020,S,1479651,0,+40.3946674,-080.0050642,15925465.0280457,17737.2379453507
42,42,003,418000,42003418000,1400000US42003418000,4180,Census Tract 4180,G5020,S,1198394,223556,+40.5430237,-079.8009841,15304487.5253906,15813.0246867224
43,42,003,419000,42003419000,1400000US42003419000,4190,Census Tract 4190,G5020,S,15189113,1177010,+40.5451962,-079.8475852,176148992.647156,62639.5907938073
44,42,003,261500,42003261500,1400000US42003261500,2615,Census Tract 2615,G5020,S,1135495,0,+40.4709569,-080.0163474,12221325.0928955,20865.9259279918
45,42,003,262000,42003262000,1400000US42003262000,2620,Census Tract 2620,G5020,S,1647931,0,+40.4671705,-079.9952133,17736692.5941162,19162.3452401716
46,42,003,270300,42003270300,1400000US42003270300,2703,Census Tract 2703,G5020,S,593102,0,+40.4778507,-080.0367571,6383556.26971436,12943.6622843464
47,42,003,564100,42003564100,1400000US42003564100,5641,Census Tract 5641,G5020,S,2572032,0,+40.4274155,-080.0871065,27682784.3885193,36238.3652944463
48,42,003,981800,42003981800,1400000US42003981800,9818,Census Tract 9818,G5020,S,1822888,305799,+40.4774936,-079.8964980,22911042.6243896,21001.7721268118
49,42,003,468800,42003468800,1400000US42003468800,4688,Census Tract 4688,G5020,S,1090303,0,+40.4065066,-080.0945608,11734959.1337585,14934.7902647591
50,42,003,468900,42003468900,1400000US42003468900,4689,Census Tract 4689,G5020,S,1691784,0,+40.4040750,-080.0782315,18208639.1454773,18108.7672527526
51,42,003,281400,42003281400,1400000US42003281400,2814,Census Tract 2814,G5020,S,1328964,0,+40.4471360,-080.0519580,14303623.144165,15846.0905211843
52,42,003,281500,42003281500,1400000US42003281500,2815,Census Tract 2815,G5020,S,617106,0,+40.4404623,-080.0539288,6641883.78173828,11661.4309819283
53,42,003,290200,42003290200,1400000US42003290200,2902,Census Tract 2902,G5020,S,1454029,0,+40.3993665,-079.9838292,15649735.8842163,20832.4834399615
54,42,003,410000,42003410000,1400000US42003410000,4100,Census Tract 4100,G5020,S,2308607,0,+40.6369490,-080.0809003,24847815.4953003,26802.031791693
55,42,003,413400,42003413400,1400000US42003413400,4134,Census Tract 4134,G5020,S,4394219,0,+40.5609612,-080.0053486,47295123.4104004,31762.6657825939
56,42,003,416000,42003416000,1400000US42003416000,4160,Census Tract 4160,G5020,S,5835111,347019,+40.5532506,-079.7923696,66538459.1972046,38541.8708615591
57,42,003,417200,42003417200,1400000US42003417200,4172,Census Tract 4172,G5020,S,1319446,415228,+40.5378969,-079.7804493,18670313.0685425,20936.4146234252
58,42,003,417100,42003417100,1400000US42003417100,4171,Census Tract 4171,G5020,S,1098642,0,+40.5441473,-079.7844339,11824735.8482666,16888.0838800468
59,42,003,401200,42003401200,1400000US42003401200,4012,Census Tract 4012,G5020,S,2616123,370299,+40.6171425,-079.7227075,32143152.3967896,25687.584309858
60,42,003,401300,42003401300,1400000US42003401300,4013,Census Tract 4013,G5020,S,3337386,0,+40.6215288,-079.7388830,35920608.9425659,29783.4578149638
61,42,003,980000,42003980000,1400000US42003980000,9800,Census Tract 9800,G5020,S,635743,234551,+40.4875663,-079.8908303,9366986.40496826,14673.9013210905
62,42,003,461000,42003461000,1400000US42003461000,4610,Census Tract 4610,G5020,S,3965383,2109202,+40.5066796,-080.1138435,65380776.1203613,58657.018785665
63,42,003,437000,42003437000,1400000US42003437000,4370,Census Tract 4370,G5020,S,17747766,0,+40.5424784,-080.0925952,191019740.486938,62678.7855120256
64,42,003,473200,42003473200,1400000US42003473200,4732,Census Tract 4732,G5020,S,729800,0,+40.3814704,-080.0483236,7854904.7795105,12545.1830509346
65,42,003,473401,42003473401,1400000US42003473401,4734.01,Census Tract 4734.01,G5020,S,1527653,0,+40.3718229,-080.0426207,16442153.3884888,17741.1223734454
66,42,003,475102,42003475102,1400000US42003475102,4751.02,Census Tract 4751.02,G5020,S,1826777,0,+40.3370350,-080.0361390,19661676.7070312,19214.7431822526
67,42,003,462600,42003462600,1400000US42003462600,4626,Census Tract 4626,G5020,S,1086093,0,+40.4740463,-080.0749617,11689569.5917358,16574.9140958818
68,42,003,463900,42003463900,1400000US42003463900,4639,Census Tract 4639,G5020,S,1011302,0,+40.4662548,-080.0727817,10884624.1326904,16781.77029771
69,42,003,476200,42003476200,1400000US42003476200,4762,Census Tract 4762,G5020,S,1717185,0,+40.3647700,-080.0145161,18482131.3904724,25189.4878252598
70,42,003,473402,42003473402,1400000US42003473402,4734.02,Census Tract 4734.02,G5020,S,1770114,0,+40.3591686,-080.0417466,19051784.396759,22416.3696790638
71,42,003,477300,42003477300,1400000US42003477300,4773,Census Tract 4773,G5020,S,3552186,0,+40.3566650,-079.9776506,38232315.9047852,34449.0739448389
72,42,003,479000,42003479000,1400000US42003479000,4790,Census Tract 4790,G5020,S,1307994,0,+40.3801273,-080.0142753,14077948.916687,29623.1336821293
73,42,003,473601,42003473601,1400000US42003473601,4736.01,Census Tract 4736.01,G5020,S,2078015,0,+40.3843922,-080.0618144,22365717.512207,21151.1211177107
74,42,003,464300,42003464300,1400000US42003464300,4643,Census Tract 4643,G5020,S,1122813,0,+40.4448266,-080.0685083,12084812.1600647,17744.1254761268
75,42,003,472100,42003472100,1400000US42003472100,4721,Census Tract 4721,G5020,S,549884,0,+40.3991547,-080.0359259,5918375.72265625,12437.8126698311
76,42,003,465600,42003465600,1400000US42003465600,4656,Census Tract 4656,G5020,S,1010398,0,+40.4385293,-080.0684148,10874919.8501892,19385.8187561187
77,42,003,473100,42003473100,1400000US42003473100,4731,Census Tract 4731,G5020,S,1505105,0,+40.3927586,-080.0504859,16199431.368042,19734.2746680595
78,42,003,507000,42003507000,1400000US42003507000,5070,Census Tract 5070,G5020,S,1069829,0,+40.3848121,-079.8074391,11514549.9406738,18343.5398756551
79,42,003,508000,42003508000,1400000US42003508000,5080,Census Tract 5080,G5020,S,1111439,0,+40.3941802,-079.8100486,11962427.2217712,19425.1795196514
80,42,003,483800,42003483800,1400000US42003483800,4838,Census Tract 4838,G5020,S,1492076,167950,+40.4072778,-079.9098942,17866931.5486145,23234.8960686867
81,42,003,480101,42003480101,1400000US42003480101,4801.01,Census Tract 4801.01,G5020,S,2289294,0,+40.3411718,-079.9835064,24639764.8573914,27385.488437439
82,42,003,499400,42003499400,1400000US42003499400,4994,Census Tract 4994,G5020,S,2036887,207030,+40.3185685,-079.8809320,24151428.7138062,26722.1425749175
83,42,003,473500,42003473500,1400000US42003473500,4735,Census Tract 4735,G5020,S,2381556,0,+40.3657429,-080.0545618,25632725.6433716,24887.6302663418
84,42,003,473602,42003473602,1400000US42003473602,4736.02,Census Tract 4736.02,G5020,S,2451754,6712,+40.3719637,-080.0693023,26460525.1388245,26045.2698862008
85,42,003,474203,42003474203,1400000US42003474203,4742.03,Census Tract 4742.03,G5020,S,4407424,0,+40.3137744,-080.0791080,47437345.6391602,30903.8307522589
86,42,003,478100,42003478100,1400000US42003478100,4781,Census Tract 4781,G5020,S,1514346,0,+40.3730071,-079.9812609,16298937.8186646,19380.6297960041
87,42,003,464400,42003464400,1400000US42003464400,4644,Census Tract 4644,G5020,S,1723619,163411,+40.4714130,-080.0588329,20310028.564209,19770.8806416088
88,42,003,472200,42003472200,1400000US42003472200,4722,Census Tract 4722,G5020,S,651963,0,+40.3945623,-080.0414483,7017050.83096313,11454.8392750112
89,42,003,472300,42003472300,1400000US42003472300,4723,Census Tract 4723,G5020,S,342247,0,+40.3925483,-080.0330037,3683598.59024048,8909.87984734253
90,42,003,472400,42003472400,1400000US42003472400,4724,Census Tract 4724,G5020,S,425318,0,+40.3878532,-080.0380679,4577701.87744141,9387.16946740814
91,42,003,468700,42003468700,1400000US42003468700,4687,Census Tract 4687,G5020,S,1415041,0,+40.4138053,-080.0888021,15230089.6375732,18072.6085630128
92,42,003,486900,42003486900,1400000US42003486900,4869,Census Tract 4869,G5020,S,929134,40755,+40.3639370,-079.8481653,10439011.2035217,15987.0238025398
93,42,003,487000,42003487000,1400000US42003487000,4870,Census Tract 4870,G5020,S,2502861,245512,+40.3506484,-079.8901759,29580831.8097534,25222.5210029507
94,42,003,488200,42003488200,1400000US42003488200,4882,Census Tract 4882,G5020,S,2936297,246438,+40.3908627,-079.8739230,34255750.3302612,28231.3976228842
95,42,003,492900,42003492900,1400000US42003492900,4929,Census Tract 4929,G5020,S,1678348,0,+40.2880847,-079.8938772,18064210.8320312,19419.729099035
96,42,003,485000,42003485000,1400000US42003485000,4850,Census Tract 4850,G5020,S,767480,78326,+40.4005097,-079.8853994,9103443.4770813,16927.1773808692
97,42,003,489001,42003489001,1400000US42003489001,4890.01,Census Tract 4890.01,G5020,S,3729072,0,+40.3294980,-079.9506991,40136196.8703613,30011.1907077793
98,42,003,494000,42003494000,1400000US42003494000,4940,Census Tract 4940,G5020,S,888038,186786,+40.2715536,-079.8871529,11568415.1611938,17709.2893318785
99,42,003,486700,42003486700,1400000US42003486700,4867,Census Tract 4867,G5020,S,2492427,226049,+40.3779317,-079.8588904,29258989.8231201,22135.9171043744
100,42,003,498000,42003498000,1400000US42003498000,4980,Census Tract 4980,G5020,S,3704812,104035,+40.3216998,-079.8631576,40994818.2804565,36117.4197160026
101,42,003,499300,42003499300,1400000US42003499300,4993,Census Tract 4993,G5020,S,2059494,324979,+40.3371209,-079.8855421,25664197.8601379,34700.1625671663
102,42,003,500300,42003500300,1400000US42003500300,5003,Census Tract 5003,G5020,S,2936712,81773,+40.3378687,-079.8741164,32488026.8430786,23230.3875907211
103,42,003,501000,42003501000,1400000US42003501000,5010,Census Tract 5010,G5020,S,1253698,147126,+40.3181711,-079.8308089,15077170.7504578,17193.9956443947
104,42,003,489002,42003489002,1400000US42003489002,4890.02,Census Tract 4890.02,G5020,S,3460667,0,+40.3301948,-079.9692722,37247306.4284973,29151.7647347719
105,42,003,551900,42003551900,1400000US42003551900,5519,Census Tract 5519,G5020,S,1810718,402061,+40.3551633,-079.8493157,23816146.9475098,31589.8623351453
106,42,003,484500,42003484500,1400000US42003484500,4845,Census Tract 4845,G5020,S,2512322,0,+40.3822022,-079.9042014,27040147.3077393,25066.0202387876
107,42,003,160900,42003160900,1400000US42003160900,1609,Census Tract 1609,G5020,S,1249545,443598,+40.4254639,-079.9650335,18223237.3004761,25390.2354201522
108,42,003,482500,42003482500,1400000US42003482500,4825,Census Tract 4825,G5020,S,2387455,236627,+40.3937803,-079.9101905,28242977.5512695,37102.7488497292
109,42,003,561500,42003561500,1400000US42003561500,5615,Census Tract 5615,G5020,S,1279790,0,+40.4403131,-079.8684145,13774397.0418701,22446.3509532809
110,42,003,480102,42003480102,1400000US42003480102,4801.02,Census Tract 4801.02,G5020,S,1693850,0,+40.3443407,-079.9995278,18230977.6401978,24223.6871417142
111,42,003,481000,42003481000,1400000US42003481000,4810,Census Tract 4810,G5020,S,879248,0,+40.4112737,-079.9856387,9463407.24713135,13596.283395338
112,42,003,562500,42003562500,1400000US42003562500,5625,Census Tract 5625,G5020,S,2020589,225189,+40.4580392,-080.0523248,24171308.5860596,29065.7073330283
113,42,003,160800,42003160800,1400000US42003160800,1608,Census Tract 1608,G5020,S,1029814,0,+40.4209250,-079.9711184,11083845.3042908,14230.4783575783
114,42,003,475101,42003475101,1400000US42003475101,4751.01,Census Tract 4751.01,G5020,S,3134673,0,+40.3469695,-080.0404600,33738633.7219849,26483.5158278747
115,42,003,190300,42003190300,1400000US42003190300,1903,Census Tract 1903,G5020,S,788802,0,+40.4327228,-080.0148434,8489903.40014648,18698.4294196197
116,42,003,562000,42003562000,1400000US42003562000,5620,Census Tract 5620,G5020,S,586698,0,+40.4518353,-079.9538982,6314635.04943848,15284.9013811755
117,42,003,450800,42003450800,1400000US42003450800,4508,Census Tract 4508,G5020,S,1367943,301614,+40.5191654,-080.1672689,17969469.281311,22512.1546426242
118,42,003,564400,42003564400,1400000US42003564400,5644,Census Tract 5644,G5020,S,13634136,0,+40.3765257,-079.7912577,146744370.128998,61807.9633048137
119,42,003,450700,42003450700,1400000US42003450700,4507,Census Tract 4507,G5020,S,2076919,43697,+40.5072482,-080.1577271,22824177.9813232,21089.7434990052
120,42,003,453004,42003453004,1400000US42003453004,4530.04,Census Tract 4530.04,G5020,S,7432588,0,+40.4487124,-080.2027563,79996960.7999268,52482.4597271258
121,42,003,470502,42003470502,1400000US42003470502,4705.02,Census Tract 4705.02,G5020,S,1863363,0,+40.4036230,-080.0685025,20055385.9247131,30318.5960057075
122,42,003,564500,42003564500,1400000US42003564500,5645,Census Tract 5645,G5020,S,16448225,589901,+40.2711094,-079.9193252,183383068.137512,71255.863931116
123,42,003,563900,42003563900,1400000US42003563900,5639,Census Tract 5639,G5020,S,1894346,0,+40.4176766,-079.8445642,20388867.5361328,27316.8999707847
124,42,003,563100,42003563100,1400000US42003563100,5631,Census Tract 5631,G5020,S,2714772,0,+40.4309289,-080.0437144,29219103.6331482,33124.2520559946
125,42,003,562400,42003562400,1400000US42003562400,5624,Census Tract 5624,G5020,S,1891449,0,+40.4127134,-080.0024336,20357648.9407959,20365.6922762195
126,42,003,980100,42003980100,1400000US42003980100,9801,Census Tract 9801,G5020,S,1448449,253872,+40.4798795,-079.9165548,18322109.6314087,27235.0538478563
127,42,003,562600,42003562600,1400000US42003562600,5626,Census Tract 5626,G5020,S,2093529,187348,+40.4432151,-080.0370720,24549123.9963989,28358.3483662546
128,42,003,981100,42003981100,1400000US42003981100,9811,Census Tract 9811,G5020,S,875989,0,+40.4420377,-079.9063256,9428249.9921875,14518.8535403953
129,42,003,562800,42003562800,1400000US42003562800,5628,Census Tract 5628,G5020,S,1776466,0,+40.4226980,-080.0713684,19120061.6363831,28765.5199818533
130,42,003,563000,42003563000,1400000US42003563000,5630,Census Tract 5630,G5020,S,3938517,0,+40.4528644,-080.0808702,42390238.2660522,36598.7678905398
131,42,003,564200,42003564200,1400000US42003564200,5642,Census Tract 5642,G5020,S,13992456,415524,+40.3325559,-079.7909231,155073686.422577,76892.2978413476
132,42,003,515401,42003515401,1400000US42003515401,5154.01,Census Tract 5154.01,G5020,S,609231,0,+40.4228463,-079.8960600,6557170.06958008,18473.256116864
133,42,003,455000,42003455000,1400000US42003455000,4550,Census Tract 4550,G5020,S,1215882,0,+40.4001651,-080.1871500,13086574.383728,19741.4658446694
134,42,003,456003,42003456003,1400000US42003456003,4560.03,Census Tract 4560.03,G5020,S,31614597,0,+40.3551078,-080.1743251,340268770.250122,112161.302280829
135,42,003,446000,42003446000,1400000US42003446000,4460,Census Tract 4460,G5020,S,3875478,450603,+40.5544208,-080.1923350,46561744.1057129,28621.7112285336
136,42,003,561900,42003561900,1400000US42003561900,5619,Census Tract 5619,G5020,S,1080836,0,+40.4693587,-079.8930870,11633028.1290894,16428.4032958593
137,42,003,457100,42003457100,1400000US42003457100,4571,Census Tract 4571,G5020,S,940181,2737,+40.3610947,-080.1139836,10148586.57901,15154.7771554621
138,42,003,447000,42003447000,1400000US42003447000,4470,Census Tract 4470,G5020,S,3890221,0,+40.5740195,-080.2037795,41870619.7191162,29607.2433196326
139,42,003,457200,42003457200,1400000US42003457200,4572,Census Tract 4572,G5020,S,1896240,0,+40.3560220,-080.1021609,20409265.658783,23562.7425315039
140,42,003,448000,42003448000,1400000US42003448000,4480,Census Tract 4480,G5020,S,2588612,512570,+40.5638901,-080.2160152,33378162.6580811,28341.0730350543
141,42,003,449000,42003449000,1400000US42003449000,4490,Census Tract 4490,G5020,S,5417042,478304,+40.5556535,-080.2285609,63451767.7781982,37071.4829585924
142,42,003,432300,42003432300,1400000US42003432300,4323,Census Tract 4323,G5020,S,886333,0,+40.5045859,-080.0678540,9539585.79333496,13191.1236523615
143,42,003,431100,42003431100,1400000US42003431100,4311,Census Tract 4311,G5020,S,924144,0,+40.4901465,-080.0506435,9946578.64318848,13528.951658246
144,42,003,563800,42003563800,1400000US42003563800,5638,Census Tract 5638,G5020,S,15304379,1101372,+40.5220771,-080.1274567,176575359.166443,89077.3114854585
145,42,003,563300,42003563300,1400000US42003563300,5633,Census Tract 5633,G5020,S,25355417,0,+40.5616667,-080.1463405,272901275.922485,94320.1764021907
146,42,003,451104,42003451104,1400000US42003451104,4511.04,Census Tract 4511.04,G5020,S,7652271,0,+40.5375498,-080.2537457,82361550.6595459,40474.501727234
147,42,003,451105,42003451105,1400000US42003451105,4511.05,Census Tract 4511.05,G5020,S,9296103,0,+40.5146030,-080.2352132,100054055.622681,48430.4846514532
148,42,003,564000,42003564000,1400000US42003564000,5640,Census Tract 5640,G5020,S,42738972,0,+40.4128812,-080.2402136,459999620.99057,111461.056360145
149,42,003,453003,42003453003,1400000US42003453003,4530.03,Census Tract 4530.03,G5020,S,15578664,0,+40.4258017,-080.1918441,167673136.279327,68707.3528219262
150,42,003,434000,42003434000,1400000US42003434000,4340,Census Tract 4340,G5020,S,981713,204392,+40.5051586,-080.0821377,12766083.7185669,16388.7469817947
151,42,003,435000,42003435000,1400000US42003435000,4350,Census Tract 4350,G5020,S,1472771,318264,+40.5108721,-080.0962166,19276897.6147461,20704.6455930431
152,42,003,140500,42003140500,1400000US42003140500,1405,Census Tract 1405,G5020,S,782035,0,+40.4517483,-079.9021356,8417065.44281006,14181.7282038337
153,42,003,170200,42003170200,1400000US42003170200,1702,Census Tract 1702,G5020,S,1116614,279346,+40.4297776,-079.9847536,15024760.8569336,18344.9353992876
154,42,003,428200,42003428200,1400000US42003428200,4282,Census Tract 4282,G5020,S,4421772,0,+40.4874257,-079.9904744,47591528.624939,40427.5804320843
155,42,003,050100,42003050100,1400000US42003050100,501,Census Tract 501,G5020,S,790373,0,+40.4477128,-079.9728906,8506822.70275879,14507.7637647476
156,42,003,070600,42003070600,1400000US42003070600,706,Census Tract 706,G5020,S,289738,0,+40.4532703,-079.9254776,3118431.52258301,8884.41809312575
157,42,003,080700,42003080700,1400000US42003080700,807,Census Tract 807,G5020,S,275058,0,+40.4609734,-079.9343798,2960446.74279785,7707.08458934669
158,42,003,090100,42003090100,1400000US42003090100,901,Census Tract 901,G5020,S,672423,146361,+40.4752866,-079.9616816,8812576.52838135,12376.5283729042
159,42,003,111500,42003111500,1400000US42003111500,1115,Census Tract 1115,G5020,S,965268,0,+40.4622071,-079.9246392,10389124.076355,15320.0300016941
160,42,003,460001,42003460001,1400000US42003460001,4600.01,Census Tract 4600.01,G5020,S,6661893,121528,+40.4894622,-080.1032830,73009935.6251831,36844.0224558969
161,42,003,320700,42003320700,1400000US42003320700,3207,Census Tract 3207,G5020,S,1313842,0,+40.3824508,-080.0002179,14140903.214386,22920.9397611661
162,42,003,490003,42003490003,1400000US42003490003,4900.03,Census Tract 4900.03,G5020,S,7806764,0,+40.3163971,-079.9918895,84024603.6609192,42013.8057583461
163,42,003,480200,42003480200,1400000US42003480200,4802,Census Tract 4802,G5020,S,3100501,0,+40.3568502,-079.9624577,33370777.2948303,36261.6049722135
164,42,003,490004,42003490004,1400000US42003490004,4900.04,Census Tract 4900.04,G5020,S,8126273,0,+40.2842573,-079.9802548,87463723.7786865,42886.1648877677
165,42,003,451101,42003451101,1400000US42003451101,4511.01,Census Tract 4511.01,G5020,S,7373110,498402,+40.5355451,-080.2180691,84721220.7625732,63041.1778490606
166,42,003,521500,42003521500,1400000US42003521500,5215,Census Tract 5215,G5020,S,10484586,0,+40.4435217,-079.7338393,112845604.091064,51050.9301159316
167,42,003,456004,42003456004,1400000US42003456004,4560.04,Census Tract 4560.04,G5020,S,6490264,0,+40.3285964,-080.1225671,69854986.256012,56039.3510362378
168,42,003,526102,42003526102,1400000US42003526102,5261.02,Census Tract 5261.02,G5020,S,13797822,0,+40.5021190,-079.7215883,148505999.367615,57836.9588239986
169,42,003,414101,42003414101,1400000US42003414101,4141.01,Census Tract 4141.01,G5020,S,9637777,0,+40.5976481,-079.9334239,103732102.896973,45341.1695560499
170,42,003,429100,42003429100,1400000US42003429100,4291,Census Tract 4291,G5020,S,5841368,0,+40.5062553,-080.0077199,62870678.4263916,44412.5833526031
171,42,003,427100,42003427100,1400000US42003427100,4271,Census Tract 4271,G5020,S,6263033,0,+40.5166557,-079.9768619,67409077.6322021,42196.974788884
172,42,003,491101,42003491101,1400000US42003491101,4911.01,Census Tract 4911.01,G5020,S,16645820,0,+40.3008731,-079.9520491,179160107.404205,65197.2810423663
173,42,003,452000,42003452000,1400000US42003452000,4520,Census Tract 4520,G5020,S,83540937,0,+40.4782526,-080.2810660,899150983.538696,145475.049167457
174,42,003,459102,42003459102,1400000US42003459102,4591.02,Census Tract 4591.02,G5020,S,9541266,0,+40.4709399,-080.1362481,102692629.93985,48366.3561969627
175,42,003,451300,42003451300,1400000US42003451300,4513,Census Tract 4513,G5020,S,31574228,0,+40.4888846,-080.1867431,339833361.696625,115605.335616113
176,42,003,523300,42003523300,1400000US42003523300,5233,Census Tract 5233,G5020,S,3567824,0,+40.4727183,-079.8343772,38400469.4257202,30765.8837060289
177,42,003,140800,42003140800,1400000US42003140800,1408,Census Tract 1408,G5020,S,1089074,0,+40.4332748,-079.9166016,11721681.3167725,18252.3751074425
178,42,003,141300,42003141300,1400000US42003141300,1413,Census Tract 1413,G5020,S,890591,0,+40.4334820,-079.9282250,9585426.39569092,13179.5258616752
179,42,003,445500,42003445500,1400000US42003445500,4455,Census Tract 4455,G5020,S,2588391,358879,+40.5397283,-080.1789016,31721534.5523071,42143.7285075352
180,42,003,403500,42003403500,1400000US42003403500,4035,Census Tract 4035,G5020,S,3185730,393806,+40.6044724,-079.7599875,38526779.9743652,32720.5785028492
181,42,003,526302,42003526302,1400000US42003526302,5263.02,Census Tract 5263.02,G5020,S,4001953,0,+40.4618335,-079.7105888,43072982.8721313,33129.2814320911
182,42,003,101400,42003101400,1400000US42003101400,1014,Census Tract 1014,G5020,S,964745,301741,+40.4852452,-079.9270065,13631200.1661987,28155.4416450163
183,42,003,140300,42003140300,1400000US42003140300,1403,Census Tract 1403,G5020,S,941940,0,+40.4414481,-079.9195738,10138101.9414673,14370.1844309888
184,42,003,470400,42003470400,1400000US42003470400,4704,Census Tract 4704,G5020,S,1790089,0,+40.3685586,-080.0874505,19266771.4504395,30833.0052169133
185,42,003,140400,42003140400,1400000US42003140400,1404,Census Tract 1404,G5020,S,834995,0,+40.4493376,-079.9157386,8987039.28814697,12072.2460883449
186,42,003,040600,42003040600,1400000US42003040600,406,Census Tract 406,G5020,S,252018,0,+40.4367398,-079.9522906,2712490.36236572,8044.70252774307
187,42,003,492800,42003492800,1400000US42003492800,4928,Census Tract 4928,G5020,S,1647081,0,+40.2920317,-079.8829333,17727595.2440186,21920.9291604032
188,42,003,427000,42003427000,1400000US42003427000,4270,Census Tract 4270,G5020,S,1602599,151832,+40.4817489,-079.9737949,18882997.0159912,30148.7618665375
189,42,003,261400,42003261400,1400000US42003261400,2614,Census Tract 2614,G5020,S,1211702,0,+40.4656583,-080.0120629,13041497.3849487,17936.8153049328
190,42,003,020100,42003020100,1400000US42003020100,201,Census Tract 201,G5020,S,1427891,465722,+40.4406616,-080.0012770,20380979.8147888,20399.9073486866
191,42,003,040900,42003040900,1400000US42003040900,409,Census Tract 409,G5020,S,912392,0,+40.4332756,-079.9578957,9820089.50622559,17896.7037525198
192,42,003,421100,42003421100,1400000US42003421100,4211,Census Tract 4211,G5020,S,8784749,734295,+40.5032807,-079.8674553,102453578.71637,61380.0364107168
193,42,003,180300,42003180300,1400000US42003180300,1803,Census Tract 1803,G5020,S,768452,0,+40.4229682,-079.9937656,8270836.98858643,15584.0894088951
194,42,003,290100,42003290100,1400000US42003290100,2901,Census Tract 2901,G5020,S,1266000,0,+40.3990789,-079.9931773,13625964.4046326,18691.0611127
195,42,003,475303,42003475303,1400000US42003475303,4753.03,Census Tract 4753.03,G5020,S,3104903,0,+40.3081251,-080.0467612,33418293.3102112,26532.6910732998
196,42,003,523200,42003523200,1400000US42003523200,5232,Census Tract 5232,G5020,S,3220297,0,+40.4626132,-079.8533692,34660065.6439209,28792.601994455
197,42,003,521301,42003521301,1400000US42003521301,5213.01,Census Tract 5213.01,G5020,S,7669712,0,+40.4166127,-079.7633425,82549127.3882141,61360.2563633772
198,42,003,561400,42003561400,1400000US42003561400,5614,Census Tract 5614,G5020,S,1824590,0,+40.4506482,-079.8620299,19638047.3480835,23276.9790549751
199,42,003,513800,42003513800,1400000US42003513800,5138,Census Tract 5138,G5020,S,1458664,253201,+40.4017360,-079.8686220,18424804.901886,18818.2708331188
200,42,003,250900,42003250900,1400000US42003250900,2509,Census Tract 2509,G5020,S,643639,0,+40.4628130,-080.0042758,6927485.09295654,12621.9656162418
201,42,003,020300,42003020300,1400000US42003020300,203,Census Tract 203,G5020,S,1590870,326538,+40.4544996,-079.9812762,20637131.0684814,24574.1048339361
202,42,003,509400,42003509400,1400000US42003509400,5094,Census Tract 5094,G5020,S,2520376,0,+40.4085613,-079.8214657,27126794.3734436,30090.0148156186
203,42,003,526301,42003526301,1400000US42003526301,5263.01,Census Tract 5263.01,G5020,S,4348413,0,+40.4760233,-079.7184441,46801965.3185425,37916.2323570935
204,42,003,408002,42003408002,1400000US42003408002,4080.02,Census Tract 4080.02,G5020,S,11667041,0,+40.6241285,-079.9549835,125573455.558411,56599.5931399224
205,42,003,427200,42003427200,1400000US42003427200,4272,Census Tract 4272,G5020,S,4775077,243049,+40.4948391,-079.9653741,54010036.305481,44803.6212000123
206,42,003,431400,42003431400,1400000US42003431400,4314,Census Tract 4314,G5020,S,689810,0,+40.5029622,-080.0552272,7424393.65661621,11638.193458514
207,42,003,430200,42003430200,1400000US42003430200,4302,Census Tract 4302,G5020,S,1761454,0,+40.5198852,-080.0374482,18958582.2314453,24018.1881293557
208,42,003,320400,42003320400,1400000US42003320400,3204,Census Tract 3204,G5020,S,852854,0,+40.3847131,-079.9920433,9179302.60864258,20909.5590269382
209,42,003,496101,42003496101,1400000US42003496101,4961.01,Census Tract 4961.01,G5020,S,11880403,95880,+40.2675076,-079.8180446,128901935.673309,56409.4983396849
210,42,003,496200,42003496200,1400000US42003496200,4962,Census Tract 4962,G5020,S,14500164,606003,+40.2997187,-079.8121689,162588759.758606,76128.3787085699
211,42,003,480300,42003480300,1400000US42003480300,4803,Census Tract 4803,G5020,S,2840625,275717,+40.3958876,-079.9626814,33541231.8483887,55462.2784873524
212,42,003,521100,42003521100,1400000US42003521100,5211,Census Tract 5211,G5020,S,4688466,0,+40.4513610,-079.7767720,50461947.2982788,31576.1865851832
213,42,003,439000,42003439000,1400000US42003439000,4390,Census Tract 4390,G5020,S,13860454,0,+40.5897786,-080.1737823,149180911.916138,66461.4638548145
214,42,003,425000,42003425000,1400000US42003425000,4250,Census Tract 4250,G5020,S,1906209,168077,+40.4951611,-079.9496305,22325475.6117554,29570.9751908625
215,42,003,521200,42003521200,1400000US42003521200,5212,Census Tract 5212,G5020,S,7329548,0,+40.4257074,-079.7965493,78887898.8766479,62398.4686314645
216,42,003,110600,42003110600,1400000US42003110600,1106,Census Tract 1106,G5020,S,637590,0,+40.4726916,-079.9155986,6862343.83428955,12586.6395718675
217,42,003,477200,42003477200,1400000US42003477200,4772,Census Tract 4772,G5020,S,2899681,0,+40.3658172,-079.9933247,31209379.7275085,33401.7549581875
218,42,003,474201,42003474201,1400000US42003474201,4742.01,Census Tract 4742.01,G5020,S,3307057,0,+40.3446353,-080.0961354,35593911.7184448,43494.801696232
219,42,003,526201,42003526201,1400000US42003526201,5262.01,Census Tract 5262.01,G5020,S,6188706,0,+40.4888182,-079.7577960,66609047.4950562,38454.3803535172
220,42,003,413500,42003413500,1400000US42003413500,4135,Census Tract 4135,G5020,S,8717229,54875,+40.5810921,-080.0065189,94414620.324707,48242.1924025853
221,42,003,426300,42003426300,1400000US42003426300,4263,Census Tract 4263,G5020,S,5212411,0,+40.5439491,-079.9745845,56101297.3857422,38762.2904005326
222,42,003,429600,42003429600,1400000US42003429600,4296,Census Tract 4296,G5020,S,3443795,0,+40.5096890,-080.0480460,37065530.7150269,36370.9534883587
223,42,003,415002,42003415002,1400000US42003415002,4150.02,Census Tract 4150.02,G5020,S,13037170,0,+40.5535717,-079.9006520,140319459.639221,86797.5055130051
224,42,003,488500,42003488500,1400000US42003488500,4885,Census Tract 4885,G5020,S,9604869,0,+40.3588566,-079.9339848,103377442.918213,54552.3522567616
225,42,003,460002,42003460002,1400000US42003460002,4600.02,Census Tract 4600.02,G5020,S,7541921,0,+40.4663038,-080.1006941,81173620.8792114,45489.2856558017
226,42,003,521402,42003521402,1400000US42003521402,5214.02,Census Tract 5214.02,G5020,S,5739326,0,+40.4038359,-079.7472907,61772391.1386414,43825.3340205248
227,42,003,503002,42003503002,1400000US42003503002,5030.02,Census Tract 5030.02,G5020,S,5396855,0,+40.3477995,-079.8154447,58086582.4429321,39461.8391252814
228,42,003,429300,42003429300,1400000US42003429300,4293,Census Tract 4293,G5020,S,8348163,0,+40.5368290,-080.0506476,89851508.1436768,44168.5842438906
229,42,003,414102,42003414102,1400000US42003414102,4141.02,Census Tract 4141.02,G5020,S,18148722,6827,+40.5920412,-079.9680618,195409253.512939,60971.7552851401
230,42,003,429201,42003429201,1400000US42003429201,4292.01,Census Tract 4292.01,G5020,S,4689842,0,+40.5447184,-080.0036671,50476907.2855835,32619.5875570952
231,42,003,407001,42003407001,1400000US42003407001,4070.01,Census Tract 4070.01,G5020,S,48681161,12854,+40.6489715,-079.8716963,524099793.438538,113847.303653402
232,42,003,050900,42003050900,1400000US42003050900,509,Census Tract 509,G5020,S,455034,0,+40.4510143,-079.9743850,4897518.23205566,13941.514491406
233,42,003,191100,42003191100,1400000US42003191100,1911,Census Tract 1911,G5020,S,1604781,0,+40.4354428,-080.0248251,17272218.503418,18827.6325745112
234,42,003,478200,42003478200,1400000US42003478200,4782,Census Tract 4782,G5020,S,2237593,0,+40.3736284,-079.9720776,24083260.0522461,28561.417292065
235,42,003,470600,42003470600,1400000US42003470600,4706,Census Tract 4706,G5020,S,1874525,0,+40.3953462,-080.0868168,20175490.2998657,27554.7550688533
236,42,003,141100,42003141100,1400000US42003141100,1411,Census Tract 1411,G5020,S,1220859,179732,+40.4196414,-079.9075532,15074559.4603271,20852.803467839
237,42,003,415001,42003415001,1400000US42003415001,4150.01,Census Tract 4150.01,G5020,S,32452892,0,+40.5807993,-079.8628319,349292178.846375,98634.7768970727
238,42,003,408001,42003408001,1400000US42003408001,4080.01,Census Tract 4080.01,G5020,S,26228025,0,+40.6528035,-079.9592753,282295703.381836,69130.9462253162
239,42,003,413300,42003413300,1400000US42003413300,4133,Census Tract 4133,G5020,S,5726892,0,+40.5609436,-080.0430584,61638736.1159668,43809.1310187663
240,42,003,422000,42003422000,1400000US42003422000,4220,Census Tract 4220,G5020,S,20376877,21834,+40.5259961,-079.8889028,219551616.727295,90482.6344802609
241,42,003,191400,42003191400,1400000US42003191400,1914,Census Tract 1914,G5020,S,948673,0,+40.4273002,-080.0111261,10210586.429657,18998.4459533205
242,42,003,488300,42003488300,1400000US42003488300,4883,Census Tract 4883,G5020,S,6211256,0,+40.3701776,-079.8876886,66851885.6246033,45610.8459216873
243,42,003,456001,42003456001,1400000US42003456001,4560.01,Census Tract 4560.01,G5020,S,14474742,22018,+40.3671010,-080.1470135,156028866.351837,77704.9787239802
244,42,003,459101,42003459101,1400000US42003459101,4591.01,Census Tract 4591.01,G5020,S,6225779,268187,+40.4961375,-080.1399601,69894578.3169556,46792.3463216071
245,42,003,431500,42003431500,1400000US42003431500,4315,Census Tract 4315,G5020,S,1001061,294922,+40.4935545,-080.0581795,13948663.5927734,20737.6398381506
246,42,003,477100,42003477100,1400000US42003477100,4771,Census Tract 4771,G5020,S,2161098,0,+40.3584905,-080.0050144,23259975.2363586,29563.35344826
247,42,003,480400,42003480400,1400000US42003480400,4804,Census Tract 4804,G5020,S,5019302,0,+40.3803705,-079.9524487,54022846.2246094,35689.5607097038
248,42,003,488400,42003488400,1400000US42003488400,4884,Census Tract 4884,G5020,S,3730322,253628,+40.3631352,-079.8663581,42879356.5640869,32659.0713800778
249,42,003,476100,42003476100,1400000US42003476100,4761,Census Tract 4761,G5020,S,2420999,0,+40.3675964,-080.0229693,26057192.2859192,41477.8517713936
250,42,003,470300,42003470300,1400000US42003470300,4703,Census Tract 4703,G5020,S,3429048,0,+40.3815358,-080.0821730,36906867.4649353,42155.4672687502
251,42,003,474101,42003474101,1400000US42003474101,4741.01,Census Tract 4741.01,G5020,S,4058870,0,+40.3562215,-080.0754163,43685695.3199158,42319.4443653394
252,42,003,170600,42003170600,1400000US42003170600,1706,Census Tract 1706,G5020,S,835268,0,+40.4226278,-079.9847309,8989995.43609619,19470.33645722
253,42,003,496102,42003496102,1400000US42003496102,4961.02,Census Tract 4961.02,G5020,S,32616398,252062,+40.2472863,-079.8487133,353767632.833313,107740.582655721
254,42,003,523501,42003523501,1400000US42003523501,5235.01,Census Tract 5235.01,G5020,S,4584875,0,+40.4723020,-079.8104930,49347038.1514282,30552.0024453796
255,42,003,414200,42003414200,1400000US42003414200,4142,Census Tract 4142,G5020,S,14189799,0,+40.5657767,-079.9455334,152725354.739624,69206.4260290428
256,42,003,424000,42003424000,1400000US42003424000,4240,Census Tract 4240,G5020,S,1384723,575883,+40.4932427,-079.9215474,21101941.8604736,24415.8297973036
257,42,003,290400,42003290400,1400000US42003290400,2904,Census Tract 2904,G5020,S,1604536,0,+40.3876598,-079.9824699,17269647.1973267,29601.7332134309
258,42,003,459201,42003459201,1400000US42003459201,4592.01,Census Tract 4592.01,G5020,S,23636111,0,+40.4416666,-080.1316049,254395401.978485,105249.526059958
259,42,003,490002,42003490002,1400000US42003490002,4900.02,Census Tract 4900.02,G5020,S,8249921,0,+40.2964762,-080.0108581,88794475.1552124,42024.2326739324
260,42,003,504100,42003504100,1400000US42003504100,5041,Census Tract 5041,G5020,S,8709641,476215,+40.3835414,-079.8304402,98867476.4648438,49323.2573262198
261,42,003,519000,42003519000,1400000US42003519000,5190,Census Tract 5190,G5020,S,5666780,0,+40.4388474,-079.8415905,60991606.0339966,47853.3264020682
262,42,003,412002,42003412002,1400000US42003412002,4120.02,Census Tract 4120.02,G5020,S,8198569,0,+40.5685671,-080.0780752,88241519.7409668,48202.4405429701
263,42,003,270100,42003270100,1400000US42003270100,2701,Census Tract 2701,G5020,S,1039814,131921,+40.4826334,-080.0429221,12611366.0164795,15184.7359273685
264,42,003,191900,42003191900,1400000US42003191900,1919,Census Tract 1919,G5020,S,608784,0,+40.3962085,-080.0221667,6552399.48410034,14220.7263352266
265,42,003,191800,42003191800,1400000US42003191800,1918,Census Tract 1918,G5020,S,1457192,0,+40.3889159,-080.0163062,15683730.6548767,23793.3807792391
266,42,003,192000,42003192000,1400000US42003192000,1920,Census Tract 1920,G5020,S,1360695,0,+40.4044262,-080.0270411,14645188.2710266,18600.843005803
267,42,003,151600,42003151600,1400000US42003151600,1516,Census Tract 1516,G5020,S,819407,0,+40.4250024,-079.9444005,8819297.34561157,14224.9840925908
268,42,003,151700,42003151700,1400000US42003151700,1517,Census Tract 1517,G5020,S,1186540,0,+40.4239388,-079.9331479,12770727.2530823,16319.3024012533
269,42,003,432400,42003432400,1400000US42003432400,4324,Census Tract 4324,G5020,S,710868,191084,+40.4981264,-080.0683549,9707706.33270264,13219.4760886695
270,42,003,030500,42003030500,1400000US42003030500,305,Census Tract 305,G5020,S,927620,0,+40.4421127,-079.9853070,9983961.02227783,14774.8166422169
271,42,003,040200,42003040200,1400000US42003040200,402,Census Tract 402,G5020,S,604860,0,+40.4401100,-079.9662466,6510111.15637207,16507.2868910407
272,42,003,101800,42003101800,1400000US42003101800,1018,Census Tract 1018,G5020,S,1197215,0,+40.4841693,-079.9369323,12885668.9381104,23848.1801857063
273,42,003,110200,42003110200,1400000US42003110200,1102,Census Tract 1102,G5020,S,806109,0,+40.4755201,-079.9231377,8676173.93170166,12585.6850042306
274,42,003,180700,42003180700,1400000US42003180700,1807,Census Tract 1807,G5020,S,394233,0,+40.4246590,-080.0012946,4243172.51437378,8788.24200333904
275,42,003,202200,42003202200,1400000US42003202200,2022,Census Tract 2022,G5020,S,886977,0,+40.4541161,-080.0636016,9546492.8008728,16601.4734931285
276,42,003,518001,42003518001,1400000US42003518001,5180.01,Census Tract 5180.01,G5020,S,2567927,0,+40.4281547,-079.8592360,27638596.3937378,26411.5577479147
277,42,003,050600,42003050600,1400000US42003050600,506,Census Tract 506,G5020,S,804401,6849,+40.4535904,-079.9600343,8731493.82800293,11840.3812340889
278,42,003,484600,42003484600,1400000US42003484600,4846,Census Tract 4846,G5020,S,1202629,0,+40.3923007,-079.9007531,12943855.1378479,20886.9298947325
279,42,003,551200,42003551200,1400000US42003551200,5512,Census Tract 5512,G5020,S,1308013,0,+40.3509099,-079.8356105,14078209.0774231,17849.8797182909
280,42,003,404000,42003404000,1400000US42003404000,4040,Census Tract 4040,G5020,S,5888503,520564,+40.5923120,-079.7831014,68981198.5145264,44690.5287701342
281,42,003,475402,42003475402,1400000US42003475402,4754.02,Census Tract 4754.02,G5020,S,3867976,0,+40.3132487,-080.0227149,41631260.7542114,33249.3603635809
282,42,003,471000,42003471000,1400000US42003471000,4710,Census Tract 4710,G5020,S,743717,0,+40.3914670,-080.0921791,8004634.76367188,11334.6364165667
283,42,003,465800,42003465800,1400000US42003465800,4658,Census Tract 4658,G5020,S,1948263,0,+40.4305890,-080.0725420,20969108.245697,33070.7825117539
284,42,003,191500,42003191500,1400000US42003191500,1915,Census Tract 1915,G5020,S,802611,0,+40.4205204,-080.0108171,8638483.48052979,18293.4553891815
285,42,003,191600,42003191600,1400000US42003191600,1916,Census Tract 1916,G5020,S,2419037,0,+40.4172937,-080.0232047,26036090.232605,25639.7006146657
286,42,003,474202,42003474202,1400000US42003474202,4742.02,Census Tract 4742.02,G5020,S,8860747,0,+40.3253565,-080.0952818,95368635.9042664,55929.9510045122
287,42,003,521401,42003521401,1400000US42003521401,5214.01,Census Tract 5214.01,G5020,S,7326082,0,+40.4247281,-079.7319317,78850647.6710815,47200.2057908971
288,42,003,526101,42003526101,1400000US42003526101,5261.01,Census Tract 5261.01,G5020,S,34306561,958351,+40.5306515,-079.7633951,379556700.536133,107602.717507403
289,42,003,459202,42003459202,1400000US42003459202,4592.02,Census Tract 4592.02,G5020,S,195289,0,+40.4282432,-080.1010969,2101890.34869385,5783.38817530088
290,42,003,488100,42003488100,1400000US42003488100,4881,Census Tract 4881,G5020,S,1707709,0,+40.3867738,-079.8877298,18380070.8786316,20876.396784648
291,42,003,202300,42003202300,1400000US42003202300,2023,Census Tract 2023,G5020,S,2532238,0,+40.4103004,-080.0392970,27254483.2157898,25275.8534345375
292,42,003,051000,42003051000,1400000US42003051000,510,Census Tract 510,G5020,S,646294,0,+40.4443817,-079.9675197,6956055.49945068,13929.927421786
293,42,003,051100,42003051100,1400000US42003051100,511,Census Tract 511,G5020,S,194599,0,+40.4415541,-079.9764371,2094480.22442627,6071.4133024103
294,42,003,562300,42003562300,1400000US42003562300,5623,Census Tract 5623,G5020,S,3115857,276270,+40.4078931,-079.9305820,36509463.4017029,26239.3603150397
295,42,003,310200,42003310200,1400000US42003310200,3102,Census Tract 3102,G5020,S,2542386,0,+40.3713991,-079.9141095,27363666.9753113,27517.0866425663
296,42,003,520002,42003520002,1400000US42003520002,5200.02,Census Tract 5200.02,G5020,S,2720572,0,+40.4190890,-079.8340656,29281552.3515015,38484.2594989249
297,42,003,523502,42003523502,1400000US42003523502,5235.02,Census Tract 5235.02,G5020,S,4730234,0,+40.4641760,-079.7901291,50911542.2028809,36000.6729335077
298,42,003,523702,42003523702,1400000US42003523702,5237.02,Census Tract 5237.02,G5020,S,7029186,0,+40.4904323,-079.7976574,75655143.9714966,52427.7508696174
299,42,003,526202,42003526202,1400000US42003526202,5262.02,Census Tract 5262.02,G5020,S,11353167,0,+40.4682246,-079.7520768,122194149.135193,64715.8057344915
300,42,003,080200,42003080200,1400000US42003080200,802,Census Tract 802,G5020,S,344564,0,+40.4599658,-079.9513352,3708525.18243408,7808.70882630473
301,42,003,080400,42003080400,1400000US42003080400,804,Census Tract 804,G5020,S,430386,0,+40.4563358,-079.9459071,4632240.95330811,11705.1549014689
302,42,003,080900,42003080900,1400000US42003080900,809,Census Tract 809,G5020,S,380225,0,+40.4629898,-079.9442502,4092363.01141357,11957.9670587317
303,42,003,130200,42003130200,1400000US42003130200,1302,Census Tract 1302,G5020,S,348488,0,+40.4586937,-079.8934943,3750751.96337891,9101.21590133407
304,42,003,130600,42003130600,1400000US42003130600,1306,Census Tract 1306,G5020,S,1400161,0,+40.4538686,-079.8753053,15069850.1030884,22226.905620206
305,42,003,492700,42003492700,1400000US42003492700,4927,Census Tract 4927,G5020,S,3847041,585090,+40.3012183,-079.8826541,47703295.0697327,43117.3844428635
306,42,003,413202,42003413202,1400000US42003413202,4132.02,Census Tract 4132.02,G5020,S,4146674,0,+40.5807668,-080.0580304,44630837.600769,40869.9201917043
307,42,003,429202,42003429202,1400000US42003429202,4292.02,Census Tract 4292.02,G5020,S,4349598,0,+40.5243542,-079.9952459,46814799.3806152,37788.0898664062
308,42,003,260200,42003260200,1400000US42003260200,2602,Census Tract 2602,G5020,S,1356264,0,+40.4915994,-080.0189177,14597452.4697876,30930.6003546669
309,42,003,462100,42003462100,1400000US42003462100,4621,Census Tract 4621,G5020,S,4048132,814776,+40.4825166,-080.0688451,52339480.331543,38222.5002571887
310,42,003,473300,42003473300,1400000US42003473300,4733,Census Tract 4733,G5020,S,3299040,0,+40.3800475,-080.0302850,35507584.9345703,31629.5730513329
311,42,003,551300,42003551300,1400000US42003551300,5513,Census Tract 5513,G5020,S,3951643,29848,+40.3317099,-079.8284109,42852950.6767273,37800.6815988262
312,42,003,523100,42003523100,1400000US42003523100,5231,Census Tract 5231,G5020,S,6801262,273667,+40.4716818,-079.8714492,76147439.5215454,43166.3578045047
313,42,003,474102,42003474102,1400000US42003474102,4741.02,Census Tract 4741.02,G5020,S,4788201,0,+40.3402998,-080.0673364,51535616.0791321,40989.9889289852
314,42,003,426400,42003426400,1400000US42003426400,4264,Census Tract 4264,G5020,S,3493080,0,+40.5219629,-079.9598852,37596049.1898804,42198.0348386524
315,42,003,420000,42003420000,1400000US42003420000,4200,Census Tract 4200,G5020,S,767755,373437,+40.4933019,-079.8593437,12282647.116394,15152.0772206864
316,42,003,486800,42003486800,1400000US42003486800,4868,Census Tract 4868,G5020,S,1282175,241110,+40.3718998,-079.8426283,16395113.9786987,25372.0593403363
317,42,003,523600,42003523600,1400000US42003523600,5236,Census Tract 5236,G5020,S,5034901,0,+40.4509359,-079.8123460,54190589.8823853,32630.131510143
318,42,003,523800,42003523800,1400000US42003523800,5238,Census Tract 5238,G5020,S,4795646,329882,+40.4918127,-079.8420202,55166076.8312988,36040.3421836604
319,42,003,520001,42003520001,1400000US42003520001,5200.01,Census Tract 5200.01,G5020,S,4378087,0,+40.4310759,-079.8161434,47121347.7885742,35871.1175354765
320,42,003,552400,42003552400,1400000US42003552400,5524,Census Tract 5524,G5020,S,2045381,243810,+40.3326236,-079.8446512,24638631.8121338,30816.8436829688
321,42,003,141400,42003141400,1400000US42003141400,1414,Census Tract 1414,G5020,S,2053937,89732,+40.4222026,-079.9200175,23072289.6907349,25502.5237630541
322,42,003,484300,42003484300,1400000US42003484300,4843,Census Tract 4843,G5020,S,2224257,180118,+40.4060107,-079.8963924,25878279.8869019,30660.1350022657
323,42,003,469000,42003469000,1400000US42003469000,4690,Census Tract 4690,G5020,S,5375269,0,+40.4170560,-080.0543165,57853985.3299866,35867.5311199078
324,42,003,040400,42003040400,1400000US42003040400,404,Census Tract 404,G5020,S,194956,0,+40.4473617,-079.9494260,2098310.23754883,6592.96642677023
325,42,003,497000,42003497000,1400000US42003497000,4970,Census Tract 4970,G5020,S,12431396,554757,+40.2914072,-079.8599194,139770839.540009,64691.2447733816
326,42,003,413201,42003413201,1400000US42003413201,4132.01,Census Tract 4132.01,G5020,S,3779879,0,+40.5760210,-080.0406012,40682995.2177124,34349.2643206208
327,42,003,451102,42003451102,1400000US42003451102,4511.02,Census Tract 4511.02,G5020,S,5963557,279566,+40.5218403,-080.1969462,67194784.8439331,41753.7039403346
328,42,003,191700,42003191700,1400000US42003191700,1917,Census Tract 1917,G5020,S,1865135,0,+40.4038098,-080.0124374,20074426.2901917,22234.2234740254
329,42,003,260700,42003260700,1400000US42003260700,2607,Census Tract 2607,G5020,S,671347,0,+40.4817789,-080.0116946,7225678.12652588,17044.58131291
330,42,003,421200,42003421200,1400000US42003421200,4212,Census Tract 4212,G5020,S,9247662,0,+40.5146919,-079.9232115,99532656.8178711,60465.5835508885
331,42,003,475401,42003475401,1400000US42003475401,4754.01,Census Tract 4754.01,G5020,S,5916213,0,+40.3403438,-080.0147544,63676382.7666931,36708.763617424
332,42,003,429500,42003429500,1400000US42003429500,4295,Census Tract 4295,G5020,S,4117962,0,+40.5369199,-080.0180904,44321683.2747192,37473.3005299803
333,42,003,475304,42003475304,1400000US42003475304,4753.04,Census Tract 4753.04,G5020,S,4349271,0,+40.2991343,-080.0484625,46811534.606781,39382.5436976922
334,42,003,413100,42003413100,1400000US42003413100,4131,Census Tract 4131,G5020,S,15950009,214557,+40.6002052,-080.0280083,173980360.026978,64142.6170529137
335,42,003,407002,42003407002,1400000US42003407002,4070.02,Census Tract 4070.02,G5020,S,26237441,0,+40.6117266,-079.8706970,282395737.209229,84739.640355703
336,42,003,120300,42003120300,1400000US42003120300,1203,Census Tract 1203,G5020,S,1079674,0,+40.4693926,-079.9029219,11620490.8431396,14215.9380589989
337,42,003,488600,42003488600,1400000US42003488600,4886,Census Tract 4886,G5020,S,12634746,225842,+40.3347646,-079.9160493,138418969.152039,50549.9950902766
338,42,003,080600,42003080600,1400000US42003080600,806,Census Tract 806,G5020,S,404923,0,+40.4601984,-079.9396674,4358152.90228271,8852.70048451128
339,42,003,491200,42003491200,1400000US42003491200,4912,Census Tract 4912,G5020,S,10322674,0,+40.3101461,-079.9168376,111103514.451904,55918.7290826892
340,42,003,040500,42003040500,1400000US42003040500,405,Census Tract 405,G5020,S,473356,0,+40.4396187,-079.9559434,5094768.05822754,10523.7070757744
341,42,003,060500,42003060500,1400000US42003060500,605,Census Tract 605,G5020,S,663515,0,+40.4576386,-079.9662328,7141449.21044922,14644.6580760646
342,42,003,070300,42003070300,1400000US42003070300,703,Census Tract 703,G5020,S,428546,0,+40.4507838,-079.9352040,4612449.17242432,8768.51203799931
343,42,003,070500,42003070500,1400000US42003070500,705,Census Tract 705,G5020,S,412753,0,+40.4560165,-079.9289619,4442482.02990723,8633.25593258552
344,42,003,070800,42003070800,1400000US42003070800,708,Census Tract 708,G5020,S,446681,0,+40.4564708,-079.9197675,4807622.10040283,10074.2503938579
345,42,003,090200,42003090200,1400000US42003090200,902,Census Tract 902,G5020,S,446356,0,+40.4688930,-079.9571463,4804087.97808838,9897.88205203399
346,42,003,090300,42003090300,1400000US42003090300,903,Census Tract 903,G5020,S,258047,0,+40.4643488,-079.9529437,2777420.65924072,7668.52230311718
347,42,003,100500,42003100500,1400000US42003100500,1005,Census Tract 1005,G5020,S,714843,0,+40.4771780,-079.9370127,7693856.25256348,12192.8818827096
348,42,003,101100,42003101100,1400000US42003101100,1011,Census Tract 1011,G5020,S,1049825,305755,+40.4842661,-079.9493327,14590113.7039185,20280.1790610455
349,42,003,140100,42003140100,1400000US42003140100,1401,Census Tract 1401,G5020,S,1467607,0,+40.4427482,-079.9373596,15795847.3168335,16994.6077966199
350,42,003,140200,42003140200,1400000US42003140200,1402,Census Tract 1402,G5020,S,759494,0,+40.4478011,-079.9263113,8174419.36437988,13410.6117075504
351,42,003,060300,42003060300,1400000US42003060300,603,Census Tract 603,G5020,S,1116677,143800,+40.4649167,-079.9653118,13566533.6911621,16403.4449642734
352,42,003,070900,42003070900,1400000US42003070900,709,Census Tract 709,G5020,S,805690,0,+40.4520166,-079.9419644,8671630.40093994,15241.2666116699
353,42,003,111300,42003111300,1400000US42003111300,1113,Census Tract 1113,G5020,S,540629,0,+40.4690103,-079.9245448,5818802.33886719,12286.6774562647
354,42,003,111400,42003111400,1400000US42003111400,1114,Census Tract 1114,G5020,S,327621,0,+40.4670104,-079.9318421,3526196.98022461,7827.92740087573
355,42,003,980400,42003980400,1400000US42003980400,9804,Census Tract 9804,G5020,S,1106319,0,+40.4819407,-080.0200152,11907307.3320923,23754.7803336721
356,42,003,980500,42003980500,1400000US42003980500,9805,Census Tract 9805,G5020,S,1611394,8798,+40.4327243,-079.9436647,17438087.9454346,18520.1708705867
357,42,003,980300,42003980300,1400000US42003980300,9803,Census Tract 9803,G5020,S,1294128,0,+40.4325503,-079.9057229,13928689.034729,17935.3952813163
358,42,003,562700,42003562700,1400000US42003562700,5627,Census Tract 5627,G5020,S,909691,6551,+40.4534265,-080.0108246,9861457.8135376,14086.7401724961
359,42,003,982200,42003982200,1400000US42003982200,9822,Census Tract 9822,G5020,S,505672,0,+40.4444879,-079.9547652,5442579.61425781,16352.8945571002
360,42,003,980700,42003980700,1400000US42003980700,9807,Census Tract 9807,G5020,S,620569,458389,+40.4367678,-080.0105440,11612813.6788635,22856.3718961522
361,42,003,981000,42003981000,1400000US42003981000,9810,Census Tract 9810,G5020,S,1378279,0,+40.4731038,-079.9488133,14834394.8616943,20191.0258859848
362,42,003,981200,42003981200,1400000US42003981200,9812,Census Tract 9812,G5020,S,461252,135771,+40.4464628,-080.0119581,6425740.86004639,11791.0833211393
363,42,003,980800,42003980800,1400000US42003980800,9808,Census Tract 9808,G5020,S,346129,164858,+40.4342391,-079.9687916,5499751.46606445,12078.3058882308
364,42,003,470501,42003470501,1400000US42003470501,4705.01,Census Tract 4705.01,G5020,S,1128817,0,+40.3976159,-080.0594447,12149481.0121765,15940.6110745568
365,42,003,980600,42003980600,1400000US42003980600,9806,Census Tract 9806,G5020,S,981768,469916,+40.4515634,-080.0280024,15624458.6224976,21318.219801234
366,42,003,980900,42003980900,1400000US42003980900,9809,Census Tract 9809,G5020,S,1464153,854869,+40.4716746,-080.0433505,24959645.7800293,25138.4285268899
367,42,003,401100,42003401100,1400000US42003401100,4011,Census Tract 4011,G5020,S,13179429,840185,+40.6510266,-079.7151954,150894813.744934,52712.8007588683
368,42,003,510000,42003510000,1400000US42003510000,5100,Census Tract 5100,G5020,S,1003875,0,+40.3968659,-079.8381999,10804683.9733582,15631.3932614509
369,42,003,512000,42003512000,1400000US42003512000,5120,Census Tract 5120,G5020,S,1280505,0,+40.4047787,-079.8451060,13782000.8453979,18591.0417184359
370,42,003,514000,42003514000,1400000US42003514000,5140,Census Tract 5140,G5020,S,1121696,187688,+40.4133642,-079.8838201,14092918.4296875,15114.3653145633
371,42,003,515100,42003515100,1400000US42003515100,5151,Census Tract 5151,G5020,S,1101841,0,+40.4182193,-079.8785411,11859121.0985718,17570.8876258639
372,42,003,515200,42003515200,1400000US42003515200,5152,Census Tract 5152,G5020,S,545335,0,+40.4249045,-079.8795918,5869462.74523926,10828.3960547486
373,42,003,515300,42003515300,1400000US42003515300,5153,Census Tract 5153,G5020,S,868386,138276,+40.4187009,-079.8929741,10834729.0140076,14674.6730305997
374,42,003,516100,42003516100,1400000US42003516100,5161,Census Tract 5161,G5020,S,713472,0,+40.4309181,-079.8886054,7679088.41485596,12274.5169452841
375,42,003,516200,42003516200,1400000US42003516200,5162,Census Tract 5162,G5020,S,809167,0,+40.4316271,-079.8798721,8709035.6784668,14370.2394687777
376,42,003,517000,42003517000,1400000US42003517000,5170,Census Tract 5170,G5020,S,2454360,20299,+40.4145604,-079.8612725,26634716.5384521,30420.4931001315
377,42,003,522000,42003522000,1400000US42003522000,5220,Census Tract 5220,G5020,S,1309388,0,+40.4077743,-079.7763540,14092943.3479614,30459.7037101701
378,42,003,523400,42003523400,1400000US42003523400,5234,Census Tract 5234,G5020,S,3253596,0,+40.4561910,-079.8334742,35018397.7359619,24313.062516387
379,42,003,524000,42003524000,1400000US42003524000,5240,Census Tract 5240,G5020,S,1312704,235470,+40.5056721,-079.8419473,16662983.4481201,21136.738514717
380,42,003,525100,42003525100,1400000US42003525100,5251,Census Tract 5251,G5020,S,1357813,0,+40.5171879,-079.8292612,14614161.8867188,21323.3272163298
381,42,003,525300,42003525300,1400000US42003525300,5253,Census Tract 5253,G5020,S,1621773,198507,+40.5252192,-079.8362238,19591705.4278564,22399.8858579375
382,42,003,550900,42003550900,1400000US42003550900,5509,Census Tract 5509,G5020,S,989679,0,+40.3484399,-079.8518334,10651995.8921204,17546.0843513473
383,42,003,552000,42003552000,1400000US42003552000,5520,Census Tract 5520,G5020,S,639467,0,+40.3415634,-079.8409060,6882661.5340271,12368.5047308071
384,42,003,552100,42003552100,1400000US42003552100,5521,Census Tract 5521,G5020,S,692361,100358,+40.3453582,-079.8640158,8532009.40744019,15626.1130124748
385,42,003,552200,42003552200,1400000US42003552200,5522,Census Tract 5522,G5020,S,809820,246035,+40.3495556,-079.8755912,11364147.6726074,14475.8239268526
386,42,003,560400,42003560400,1400000US42003560400,5604,Census Tract 5604,G5020,S,511709,0,+40.4446694,-079.8902486,5507531.25531006,10911.8007968047
387,42,003,560500,42003560500,1400000US42003560500,5605,Census Tract 5605,G5020,S,464334,0,+40.4377737,-079.8912697,4997622.03265381,9024.95791703237
388,42,003,552300,42003552300,1400000US42003552300,5523,Census Tract 5523,G5020,S,830981,0,+40.3417540,-079.8513513,8943924.64520264,15775.6878239984
389,42,003,475200,42003475200,1400000US42003475200,4752,Census Tract 4752,G5020,S,4720556,0,+40.3239562,-080.0560365,50807631.8400269,46736.2855930322
390,42,003,475301,42003475301,1400000US42003475301,4753.01,Census Tract 4753.01,G5020,S,3387769,0,+40.3242148,-080.0340368,36462735.9688721,29498.4351255959
391,42,003,495000,42003495000,1400000US42003495000,4950,Census Tract 4950,G5020,S,49019304,2462216,+40.2320479,-079.9068000,554103975.721802,104992.147885529
392,42,003,521302,42003521302,1400000US42003521302,5213.02,Census Tract 5213.02,G5020,S,7972525,15818,+40.4156159,-079.7872080,85978512.5488892,56455.4675726876
393,42,003,523701,42003523701,1400000US42003523701,5237.01,Census Tract 5237.01,G5020,S,6548443,0,+40.5041079,-079.8181437,70480952.3029785,44671.1863096813
394,42,003,525200,42003525200,1400000US42003525200,5252,Census Tract 5252,G5020,S,1121761,296443,+40.5158744,-079.8451025,15264205.0690308,16544.3386969643
